id,first_name,last_name,email,department,salary,active,hire_date,manager_id,notes
1,FirstName1,LastName1,user1@example.com,Department1,50100.00,false,2024-02-02,2,"Notes for user 1, with comma"
2,FirstName2,LastName2,user2@example.com,Department2,50200.00,true,2024-03-03,3,"Notes for user 2, with comma"
3,FirstName3,LastName3,user3@example.com,Department3,50300.00,false,2024-04-04,4,"Notes for user 3, with comma"
4,FirstName4,LastName4,user4@example.com,Department4,50400.00,true,2024-05-05,5,"Notes for user 4, with comma"
5,FirstName5,LastName5,user5@example.com,Department5,50500.00,false,2024-06-06,6,"Notes for user 5, with comma"
6,FirstName6,LastName6,user6@example.com,Department6,50600.00,true,2024-07-07,7,"Notes for user 6, with comma"
7,FirstName7,LastName7,user7@example.com,Department7,50700.00,false,2024-08-08,8,"Notes for user 7, with comma"
8,FirstName8,LastName8,user8@example.com,Department8,50800.00,true,2024-09-09,9,"Notes for user 8, with comma"
9,FirstName9,LastName9,user9@example.com,Department9,50900.00,false,2024-10-10,10,"Notes for user 9, with comma"
10,FirstName10,LastName10,user10@example.com,Department0,51000.00,true,2024-11-11,1,"Notes for user 10, with comma"
11,FirstName11,LastName11,user11@example.com,Department1,51100.00,false,2024-12-12,2,"Notes for user 11, with comma"
12,FirstName12,LastName12,user12@example.com,Department2,51200.00,true,2024-01-13,3,"Notes for user 12, with comma"
13,FirstName13,LastName13,user13@example.com,Department3,51300.00,false,2024-02-14,4,"Notes for user 13, with comma"
14,FirstName14,LastName14,user14@example.com,Department4,51400.00,true,2024-03-15,5,"Notes for user 14, with comma"
15,FirstName15,LastName15,user15@example.com,Department5,51500.00,false,2024-04-16,6,"Notes for user 15, with comma"
16,FirstName16,LastName16,user16@example.com,Department6,51600.00,true,2024-05-17,7,"Notes for user 16, with comma"
17,FirstName17,LastName17,user17@example.com,Department7,51700.00,false,2024-06-18,8,"Notes for user 17, with comma"
18,FirstName18,LastName18,user18@example.com,Department8,51800.00,true,2024-07-19,9,"Notes for user 18, with comma"
19,FirstName19,LastName19,user19@example.com,Department9,51900.00,false,2024-08-20,10,"Notes for user 19, with comma"
20,FirstName20,LastName20,user20@example.com,Department0,52000.00,true,2024-09-21,1,"Notes for user 20, with comma"
21,FirstName21,LastName21,user21@example.com,Department1,52100.00,false,2024-10-22,2,"Notes for user 21, with comma"
22,FirstName22,LastName22,user22@example.com,Department2,52200.00,true,2024-11-23,3,"Notes for user 22, with comma"
23,FirstName23,LastName23,user23@example.com,Department3,52300.00,false,2024-12-24,4,"Notes for user 23, with comma"
24,FirstName24,LastName24,user24@example.com,Department4,52400.00,true,2024-01-25,5,"Notes for user 24, with comma"
25,FirstName25,LastName25,user25@example.com,Department5,52500.00,false,2024-02-26,6,"Notes for user 25, with comma"
26,FirstName26,LastName26,user26@example.com,Department6,52600.00,true,2024-03-27,7,"Notes for user 26, with comma"
27,FirstName27,LastName27,user27@example.com,Department7,52700.00,false,2024-04-28,8,"Notes for user 27, with comma"
28,FirstName28,LastName28,user28@example.com,Department8,52800.00,true,2024-05-01,9,"Notes for user 28, with comma"
29,FirstName29,LastName29,user29@example.com,Department9,52900.00,false,2024-06-02,10,"Notes for user 29, with comma"
30,FirstName30,LastName30,user30@example.com,Department0,53000.00,true,2024-07-03,1,"Notes for user 30, with comma"
31,FirstName31,LastName31,user31@example.com,Department1,53100.00,false,2024-08-04,2,"Notes for user 31, with comma"
32,FirstName32,LastName32,user32@example.com,Department2,53200.00,true,2024-09-05,3,"Notes for user 32, with comma"
33,FirstName33,LastName33,user33@example.com,Department3,53300.00,false,2024-10-06,4,"Notes for user 33, with comma"
34,FirstName34,LastName34,user34@example.com,Department4,53400.00,true,2024-11-07,5,"Notes for user 34, with comma"
35,FirstName35,LastName35,user35@example.com,Department5,53500.00,false,2024-12-08,6,"Notes for user 35, with comma"
36,FirstName36,LastName36,user36@example.com,Department6,53600.00,true,2024-01-09,7,"Notes for user 36, with comma"
37,FirstName37,LastName37,user37@example.com,Department7,53700.00,false,2024-02-10,8,"Notes for user 37, with comma"
38,FirstName38,LastName38,user38@example.com,Department8,53800.00,true,2024-03-11,9,"Notes for user 38, with comma"
39,FirstName39,LastName39,user39@example.com,Department9,53900.00,false,2024-04-12,10,"Notes for user 39, with comma"
40,FirstName40,LastName40,user40@example.com,Department0,54000.00,true,2024-05-13,1,"Notes for user 40, with comma"
41,FirstName41,LastName41,user41@example.com,Department1,54100.00,false,2024-06-14,2,"Notes for user 41, with comma"
42,FirstName42,LastName42,user42@example.com,Department2,54200.00,true,2024-07-15,3,"Notes for user 42, with comma"
43,FirstName43,LastName43,user43@example.com,Department3,54300.00,false,2024-08-16,4,"Notes for user 43, with comma"
44,FirstName44,LastName44,user44@example.com,Department4,54400.00,true,2024-09-17,5,"Notes for user 44, with comma"
45,FirstName45,LastName45,user45@example.com,Department5,54500.00,false,2024-10-18,6,"Notes for user 45, with comma"
46,FirstName46,LastName46,user46@example.com,Department6,54600.00,true,2024-11-19,7,"Notes for user 46, with comma"
47,FirstName47,LastName47,user47@example.com,Department7,54700.00,false,2024-12-20,8,"Notes for user 47, with comma"
48,FirstName48,LastName48,user48@example.com,Department8,54800.00,true,2024-01-21,9,"Notes for user 48, with comma"
49,FirstName49,LastName49,user49@example.com,Department9,54900.00,false,2024-02-22,10,"Notes for user 49, with comma"
50,FirstName50,LastName50,user50@example.com,Department0,55000.00,true,2024-03-23,1,"Notes for user 50, with comma"
51,FirstName51,LastName51,user51@example.com,Department1,55100.00,false,2024-04-24,2,"Notes for user 51, with comma"
52,FirstName52,LastName52,user52@example.com,Department2,55200.00,true,2024-05-25,3,"Notes for user 52, with comma"
53,FirstName53,LastName53,user53@example.com,Department3,55300.00,false,2024-06-26,4,"Notes for user 53, with comma"
54,FirstName54,LastName54,user54@example.com,Department4,55400.00,true,2024-07-27,5,"Notes for user 54, with comma"
55,FirstName55,LastName55,user55@example.com,Department5,55500.00,false,2024-08-28,6,"Notes for user 55, with comma"
56,FirstName56,LastName56,user56@example.com,Department6,55600.00,true,2024-09-01,7,"Notes for user 56, with comma"
57,FirstName57,LastName57,user57@example.com,Department7,55700.00,false,2024-10-02,8,"Notes for user 57, with comma"
58,FirstName58,LastName58,user58@example.com,Department8,55800.00,true,2024-11-03,9,"Notes for user 58, with comma"
59,FirstName59,LastName59,user59@example.com,Department9,55900.00,false,2024-12-04,10,"Notes for user 59, with comma"
60,FirstName60,LastName60,user60@example.com,Department0,56000.00,true,2024-01-05,1,"Notes for user 60, with comma"
61,FirstName61,LastName61,user61@example.com,Department1,56100.00,false,2024-02-06,2,"Notes for user 61, with comma"
62,FirstName62,LastName62,user62@example.com,Department2,56200.00,true,2024-03-07,3,"Notes for user 62, with comma"
63,FirstName63,LastName63,user63@example.com,Department3,56300.00,false,2024-04-08,4,"Notes for user 63, with comma"
64,FirstName64,LastName64,user64@example.com,Department4,56400.00,true,2024-05-09,5,"Notes for user 64, with comma"
65,FirstName65,LastName65,user65@example.com,Department5,56500.00,false,2024-06-10,6,"Notes for user 65, with comma"
66,FirstName66,LastName66,user66@example.com,Department6,56600.00,true,2024-07-11,7,"Notes for user 66, with comma"
67,FirstName67,LastName67,user67@example.com,Department7,56700.00,false,2024-08-12,8,"Notes for user 67, with comma"
68,FirstName68,LastName68,user68@example.com,Department8,56800.00,true,2024-09-13,9,"Notes for user 68, with comma"
69,FirstName69,LastName69,user69@example.com,Department9,56900.00,false,2024-10-14,10,"Notes for user 69, with comma"
70,FirstName70,LastName70,user70@example.com,Department0,57000.00,true,2024-11-15,1,"Notes for user 70, with comma"
71,FirstName71,LastName71,user71@example.com,Department1,57100.00,false,2024-12-16,2,"Notes for user 71, with comma"
72,FirstName72,LastName72,user72@example.com,Department2,57200.00,true,2024-01-17,3,"Notes for user 72, with comma"
73,FirstName73,LastName73,user73@example.com,Department3,57300.00,false,2024-02-18,4,"Notes for user 73, with comma"
74,FirstName74,LastName74,user74@example.com,Department4,57400.00,true,2024-03-19,5,"Notes for user 74, with comma"
75,FirstName75,LastName75,user75@example.com,Department5,57500.00,false,2024-04-20,6,"Notes for user 75, with comma"
76,FirstName76,LastName76,user76@example.com,Department6,57600.00,true,2024-05-21,7,"Notes for user 76, with comma"
77,FirstName77,LastName77,user77@example.com,Department7,57700.00,false,2024-06-22,8,"Notes for user 77, with comma"
78,FirstName78,LastName78,user78@example.com,Department8,57800.00,true,2024-07-23,9,"Notes for user 78, with comma"
79,FirstName79,LastName79,user79@example.com,Department9,57900.00,false,2024-08-24,10,"Notes for user 79, with comma"
80,FirstName80,LastName80,user80@example.com,Department0,58000.00,true,2024-09-25,1,"Notes for user 80, with comma"
81,FirstName81,LastName81,user81@example.com,Department1,58100.00,false,2024-10-26,2,"Notes for user 81, with comma"
82,FirstName82,LastName82,user82@example.com,Department2,58200.00,true,2024-11-27,3,"Notes for user 82, with comma"
83,FirstName83,LastName83,user83@example.com,Department3,58300.00,false,2024-12-28,4,"Notes for user 83, with comma"
84,FirstName84,LastName84,user84@example.com,Department4,58400.00,true,2024-01-01,5,"Notes for user 84, with comma"
85,FirstName85,LastName85,user85@example.com,Department5,58500.00,false,2024-02-02,6,"Notes for user 85, with comma"
86,FirstName86,LastName86,user86@example.com,Department6,58600.00,true,2024-03-03,7,"Notes for user 86, with comma"
87,FirstName87,LastName87,user87@example.com,Department7,58700.00,false,2024-04-04,8,"Notes for user 87, with comma"
88,FirstName88,LastName88,user88@example.com,Department8,58800.00,true,2024-05-05,9,"Notes for user 88, with comma"
89,FirstName89,LastName89,user89@example.com,Department9,58900.00,false,2024-06-06,10,"Notes for user 89, with comma"
90,FirstName90,LastName90,user90@example.com,Department0,59000.00,true,2024-07-07,1,"Notes for user 90, with comma"
91,FirstName91,LastName91,user91@example.com,Department1,59100.00,false,2024-08-08,2,"Notes for user 91, with comma"
92,FirstName92,LastName92,user92@example.com,Department2,59200.00,true,2024-09-09,3,"Notes for user 92, with comma"
93,FirstName93,LastName93,user93@example.com,Department3,59300.00,false,2024-10-10,4,"Notes for user 93, with comma"
94,FirstName94,LastName94,user94@example.com,Department4,59400.00,true,2024-11-11,5,"Notes for user 94, with comma"
95,FirstName95,LastName95,user95@example.com,Department5,59500.00,false,2024-12-12,6,"Notes for user 95, with comma"
96,FirstName96,LastName96,user96@example.com,Department6,59600.00,true,2024-01-13,7,"Notes for user 96, with comma"
97,FirstName97,LastName97,user97@example.com,Department7,59700.00,false,2024-02-14,8,"Notes for user 97, with comma"
98,FirstName98,LastName98,user98@example.com,Department8,59800.00,true,2024-03-15,9,"Notes for user 98, with comma"
99,FirstName99,LastName99,user99@example.com,Department9,59900.00,false,2024-04-16,10,"Notes for user 99, with comma"
100,FirstName100,LastName100,user100@example.com,Department0,60000.00,true,2024-05-17,1,"Notes for user 100, with comma"
